codigo,institucion,nombre,motivo,enlace
CAT-3749,MARN,Actividades Correctivas para Registro,sin pagina oficial (solo enlace bit.ly/generico),https://www.marn.gob.gt/viceministro-de-ambiente/digarn/ventanilla-ambiental-2/
CAT-3682,MARN,Actividades para Registro,sin pagina oficial (solo enlace bit.ly/generico),https://www.marn.gob.gt/viceministro-de-ambiente/digarn/ventanilla-ambiental-2/
CAT-3710,MARN,Actualización de Instrumentos Ambientales,sin pagina oficial (solo enlace bit.ly/generico),https://www.marn.gob.gt/viceministro-de-ambiente/digarn/ventanilla-ambiental-2/
CAT-3722,MARN,"Adición de Representante Legal para Actuar Conjunta, Separada o Indistintamente.",sin pagina oficial (solo enlace bit.ly/generico),https://www.marn.gob.gt/viceministro-de-ambiente/digarn/ventanilla-ambiental-2/
CAT-3745,MARN,Atención a Usuarios y Préstamo de Material para Consulta,sin pagina oficial (solo enlace bit.ly/generico),https://www.marn.gob.gt/viceministro-de-ambiente/quienes-somos-direccion-de-formacion-y-participacion-social/
CAT-3727,MARN,Cambio de Denominación Social de la Entidad Proponente,sin pagina oficial (solo enlace bit.ly/generico),https://www.marn.gob.gt/viceministro-de-ambiente/digarn/ventanilla-ambiental-2/
CAT-3733,MARN,Cambio de Dirección del Proyecto por Actualización en el Catastro Municipal,sin pagina oficial (solo enlace bit.ly/generico),https://www.marn.gob.gt/viceministro-de-ambiente/digarn/ventanilla-ambiental-2/
CAT-3714,MARN,Cambio de Nombre del Proyecto,sin pagina oficial (solo enlace bit.ly/generico),https://www.marn.gob.gt/viceministro-de-ambiente/digarn/ventanilla-ambiental-2/
CAT-3718,MARN,Cambio de Proponente,sin pagina oficial (solo enlace bit.ly/generico),https://www.marn.gob.gt/viceministro-de-ambiente/digarn/ventanilla-ambiental-2/
CAT-3720,MARN,Cambio de Representante Legal del Proponente,sin pagina oficial (solo enlace bit.ly/generico),https://www.marn.gob.gt/viceministro-de-ambiente/digarn/ventanilla-ambiental-2/
CAT-3703,MARN,Categorización,sin pagina oficial (solo enlace bit.ly/generico),https://www.marn.gob.gt/viceministro-de-ambiente/digarn/ventanilla-ambiental-2/
CAT-3741,MARN,Convenio de pago,sin pagina oficial (solo enlace bit.ly/generico),https://www.tramites.gob.gt/
CAT-3688,MARN,Diagnóstico Ambiental de Bajo Impacto Categoría C,sin pagina oficial (solo enlace bit.ly/generico),https://www.marn.gob.gt/viceministro-de-ambiente/digarn/ventanilla-ambiental-2/
CAT-3748,MARN,Diagnóstico Ambiental de Bajo Impacto Categoría C con Plan de Gestión Ambiental,sin pagina oficial (solo enlace bit.ly/generico),https://www.marn.gob.gt/viceministro-de-ambiente/digarn/ventanilla-ambiental-2/
CAT-3729,MARN,Eliminación de Compromisos Ambientales,sin pagina oficial (solo enlace bit.ly/generico),https://www.marn.gob.gt/viceministro-de-ambiente/digarn/ventanilla-ambiental-2/
CAT-3759,MARN,Evaluación Ambiental Estratégica,sin pagina oficial (solo enlace bit.ly/generico),https://www.marn.gob.gt/
CAT-3751,MARN,Evaluación Ambiental Inicial Categoría C,sin pagina oficial (solo enlace bit.ly/generico),https://www.marn.gob.gt/viceministro-de-ambiente/digarn/ventanilla-ambiental-2/
CAT-3747,MARN,Evaluación Ambiental Inicial Categoría C con Plan de Gestión Ambiental,sin pagina oficial (solo enlace bit.ly/generico),https://www.marn.gob.gt/viceministro-de-ambiente/digarn/ventanilla-ambiental-2/
CAT-3746,MARN,Exención de Parámetros a Medir en Aguas Residuales Generadas,sin pagina oficial (solo enlace bit.ly/generico),https://www.marn.gob.gt/
CAT-3694,MARN,Licencia Ambiental de Actividades Correctivas para Registro,sin pagina oficial (solo enlace bit.ly/generico),https://www.marn.gob.gt/viceministro-de-ambiente/digarn/licencias-ambientales-formularios/2-2-lic-amb-de-imp-o-exp-de-produc-sust-y-mat-prima/
CAT-3691,MARN,Licencia Ambiental de Actividades para Registro,sin pagina oficial (solo enlace bit.ly/generico),https://www.marn.gob.gt/viceministro-de-ambiente/digarn/licencias-ambientales-formularios/solicitud-de-licencia-ambiental/
CAT-3732,MARN,Licencia de Exportación No Asidua (Eventual) de Equipos de Refrigeración y Aire Acondicionado,sin pagina oficial (solo enlace bit.ly/generico),https://www.marn.gob.gt/viceministro-de-ambiente/digarn/licencias-ambientales-formularios/2-2-lic-amb-de-imp-o-exp-de-produc-sust-y-mat-prima/
CAT-3730,MARN,Licencia de Exportación de Sustancias y Productos Controlados por el MARN,sin pagina oficial (solo enlace bit.ly/generico),https://www.marn.gob.gt/viceministro-de-ambiente/digarn/licencias-ambientales-formularios/2-3-lic-amb-equi-refrig-y-aire-acondicionado/
CAT-3735,MARN,Licencia de Importación No Asidua (Eventual) de Equipos de Refrigeración y Aire Acondicionado,sin pagina oficial (solo enlace bit.ly/generico),https://www.marn.gob.gt/viceministro-de-ambiente/digarn/licencias-ambientales-formularios/2-2-lic-amb-de-imp-o-exp-de-produc-sust-y-mat-prima/
CAT-3685,MARN,Licencia de Importación de Equipos de Refrigeración y Aire Acondicionado,sin pagina oficial (solo enlace bit.ly/generico),https://www.marn.gob.gt/viceministro-de-ambiente/digarn/licencias-ambientales-formularios/2-2-lic-amb-de-imp-o-exp-de-produc-sust-y-mat-prima/
CAT-3690,MARN,Licencia de Importación de Refrigerantes,sin pagina oficial (solo enlace bit.ly/generico),https://www.marn.gob.gt/viceministro-de-ambiente/digarn/licencias-ambientales-formularios/2-2-lic-amb-de-imp-o-exp-de-produc-sust-y-mat-prima/
CAT-3734,MARN,Licencia de Importación de Sustancias y Productos Controlados por el MARN,sin pagina oficial (solo enlace bit.ly/generico),https://www.marn.gob.gt/viceministro-de-ambiente/digarn/licencias-ambientales-formularios/2-3-lic-amb-equi-refrig-y-aire-acondicionado/
CAT-3709,MARN,Licencia de Registro Nacional de Empresa Frigorista,sin pagina oficial (solo enlace bit.ly/generico),https://www.marn.gob.gt/viceministro-de-ambiente/digarn/licencias-ambientales-formularios/2-2-lic-amb-de-imp-o-exp-de-produc-sust-y-mat-prima/
CAT-3715,MARN,Licencia de Registro Nacional de Entidad Capacitadora,sin pagina oficial (solo enlace bit.ly/generico),https://www.marn.gob.gt/viceministro-de-ambiente/digarn/licencias-ambientales-formularios/2-2-lic-amb-de-imp-o-exp-de-produc-sust-y-mat-prima/
CAT-3719,MARN,Licencia de Registro Nacional de Técnico Frigorista Empírico,sin pagina oficial (solo enlace bit.ly/generico),https://www.marn.gob.gt/viceministro-de-ambiente/digarn/licencias-ambientales-formularios/2-2-lic-amb-de-imp-o-exp-de-produc-sust-y-mat-prima/
CAT-3724,MARN,Licencia de Registro Nacional de Técnico Frigorista Especializado,sin pagina oficial (solo enlace bit.ly/generico),https://www.marn.gob.gt/viceministro-de-ambiente/digarn/licencias-ambientales-formularios/2-2-lic-amb-de-imp-o-exp-de-produc-sust-y-mat-prima/
CAT-3700,MARN,"Licencia de Registro de Exportador de Sustancias Alternativas, Sustancias Peligrosas, Insumos para Reutilizar, Refrigerantes, Equipos de Refrigeración y Aire Acondicionado",sin pagina oficial (solo enlace bit.ly/generico),https://www.marn.gob.gt/viceministro-de-ambiente/digarn/licencias-ambientales-formularios/2-3-lic-amb-equi-refrig-y-aire-acondicionado/
CAT-3705,MARN,"Licencia de Registro de Importador de Sustancias Alternativas, Sustancias Peligrosas, Insumos para Reutilizar, Refrigerantes, Equipos de Refrigeración y Aire Acondicionado",sin pagina oficial (solo enlace bit.ly/generico),https://www.marn.gob.gt/viceministro-de-ambiente/digarn/licencias-ambientales-formularios/2-3-lic-amb-equi-refrig-y-aire-acondicionado/
CAT-3731,MARN,Prórroga para Cumplimiento de Compromisos Ambientales,sin pagina oficial (solo enlace bit.ly/generico),https://www.marn.gob.gt/viceministro-de-ambiente/digarn/ventanilla-ambiental-2/
CAT-3707,MARN,Recategorización,sin pagina oficial (solo enlace bit.ly/generico),https://www.marn.gob.gt/viceministro-de-ambiente/digarn/ventanilla-ambiental-2/
CAT-3740,MARN,Recurso de Reposición,sin pagina oficial (solo enlace bit.ly/generico),https://www.tramites.gob.gt/
CAT-3739,MARN,Recurso de Revocatoria,sin pagina oficial (solo enlace bit.ly/generico),https://www.tramites.gob.gt/
CAT-3699,MARN,Renovación de Licencia Ambiental de Actividades Correctivas para Registro,sin pagina oficial (solo enlace bit.ly/generico),https://www.marn.gob.gt/viceministro-de-ambiente/digarn/licencias-ambientales-formularios/2-2-lic-amb-de-imp-o-exp-de-produc-sust-y-mat-prima/
CAT-3697,MARN,Renovación de Licencia Ambiental de Actividades para Registro,sin pagina oficial (solo enlace bit.ly/generico),https://www.marn.gob.gt/viceministro-de-ambiente/digarn/licencias-ambientales-formularios/2-2-lic-amb-de-imp-o-exp-de-produc-sust-y-mat-prima/
CAT-3676,MARN,Renovación de Licencia de Consultor Categoría B,sin pagina oficial (solo enlace bit.ly/generico),https://www.marn.gob.gt/viceministro-de-ambiente/digarn/formularios-consultores/
CAT-3711,MARN,Renovación de Licencia de Registro Nacional de Empresa Frigorista,sin pagina oficial (solo enlace bit.ly/generico),https://www.marn.gob.gt/viceministro-de-ambiente/digarn/licencias-ambientales-formularios/2-2-lic-amb-de-imp-o-exp-de-produc-sust-y-mat-prima/
CAT-3716,MARN,Renovación de Licencia de Registro Nacional de Entidad Capacitadora,sin pagina oficial (solo enlace bit.ly/generico),https://www.marn.gob.gt/viceministro-de-ambiente/digarn/licencias-ambientales-formularios/2-2-lic-amb-de-imp-o-exp-de-produc-sust-y-mat-prima/
CAT-3721,MARN,Renovación de Licencia de Registro Nacional de Técnico Frigorista Empírico,sin pagina oficial (solo enlace bit.ly/generico),https://www.marn.gob.gt/viceministro-de-ambiente/digarn/licencias-ambientales-formularios/2-2-lic-amb-de-imp-o-exp-de-produc-sust-y-mat-prima/
CAT-3725,MARN,Renovación de Licencia de Registro Nacional de Técnico Frigorista Especializado,sin pagina oficial (solo enlace bit.ly/generico),https://www.marn.gob.gt/viceministro-de-ambiente/digarn/licencias-ambientales-formularios/2-2-lic-amb-de-imp-o-exp-de-produc-sust-y-mat-prima/
CAT-3702,MARN,"Renovación de Licencia de Registro de Exportador de Sustancias Alternativas, Sustancias Peligrosas, Insumos para Reutilizar, Refrigerantes, Equipos de Refrigeración y Aire Acondicionado",sin pagina oficial (solo enlace bit.ly/generico),https://www.marn.gob.gt/viceministro-de-ambiente/digarn/licencias-ambientales-formularios/2-3-lic-amb-equi-refrig-y-aire-acondicionado/
CAT-3706,MARN,"Renovación de Licencia de Registro de Importador de Sustancias Alternativas, Sustancias Peligrosas, Insumos para Reutilizar, Refrigerantes, Equipos de Refrigeración y Aire Acondicionado",sin pagina oficial (solo enlace bit.ly/generico),https://www.marn.gob.gt/viceministro-de-ambiente/digarn/licencias-ambientales-formularios/2-3-lic-amb-equi-refrig-y-aire-acondicionado/
CAT-3737,MARN,Reposición de Licencia Ambiental de Actividades Correctivas para Registro,sin pagina oficial (solo enlace bit.ly/generico),https://www.marn.gob.gt/viceministro-de-ambiente/digarn/licencias-ambientales-formularios/solicitud-de-licencia-ambiental/
CAT-3736,MARN,Reposición de Licencia Ambiental de Actividades para Registro,sin pagina oficial (solo enlace bit.ly/generico),https://www.marn.gob.gt/viceministro-de-ambiente/digarn/licencias-ambientales-formularios/solicitud-de-licencia-ambiental/
CAT-3679,MARN,Reposición de Licencia de Consultor Categoría B,sin pagina oficial (solo enlace bit.ly/generico),https://www.marn.gob.gt/viceministro-de-ambiente/digarn/formularios-consultores/
CAT-3678,MARN,Reposición de Licencia de Consultor Categoría C,sin pagina oficial (solo enlace bit.ly/generico),https://www.marn.gob.gt/viceministro-de-ambiente/digarn/licencias-ambientales-formularios/2-2-lic-amb-de-imp-o-exp-de-produc-sust-y-mat-prima/
CAT-3681,MARN,Reposición de Licencia de Exportación No Asidua (Eventual) de Equipos de Refrigeración y Aire Acondicionado,sin pagina oficial (solo enlace bit.ly/generico),https://www.marn.gob.gt/viceministro-de-ambiente/digarn/licencias-ambientales-formularios/2-2-lic-amb-de-imp-o-exp-de-produc-sust-y-mat-prima/
CAT-3677,MARN,Reposición de Licencia de Exportación de Refrigerantes,sin pagina oficial (solo enlace bit.ly/generico),https://www.marn.gob.gt/viceministro-de-ambiente/digarn/licencias-ambientales-formularios/2-2-lic-amb-de-imp-o-exp-de-produc-sust-y-mat-prima/
CAT-3680,MARN,Reposición de Licencia de Exportación de Sustancias y Productos Controlados por el MARN,sin pagina oficial (solo enlace bit.ly/generico),https://www.marn.gob.gt/viceministro-de-ambiente/digarn/licencias-ambientales-formularios/2-3-lic-amb-equi-refrig-y-aire-acondicionado/
CAT-3698,MARN,Reposición de Licencia de Importación No Asidua (Eventual) de Equipos de Refrigeración y Aire Acondicionado,sin pagina oficial (solo enlace bit.ly/generico),https://www.marn.gob.gt/viceministro-de-ambiente/digarn/licencias-ambientales-formularios/2-2-lic-amb-de-imp-o-exp-de-produc-sust-y-mat-prima/
CAT-3687,MARN,Reposición de Licencia de Importación de Equipos de Refrigeración y Aire Acondicionado,sin pagina oficial (solo enlace bit.ly/generico),https://www.marn.gob.gt/viceministro-de-ambiente/digarn/licencias-ambientales-formularios/2-2-lic-amb-de-imp-o-exp-de-produc-sust-y-mat-prima/
CAT-3692,MARN,Reposición de Licencia de Importación de Refrigerantes,sin pagina oficial (solo enlace bit.ly/generico),https://www.marn.gob.gt/viceministro-de-ambiente/digarn/licencias-ambientales-formularios/2-2-lic-amb-de-imp-o-exp-de-produc-sust-y-mat-prima/
CAT-3696,MARN,Reposición de Licencia de Importación de Sustancias y Productos Controlados por el MARN,sin pagina oficial (solo enlace bit.ly/generico),https://www.marn.gob.gt/viceministro-de-ambiente/digarn/licencias-ambientales-formularios/2-3-lic-amb-equi-refrig-y-aire-acondicionado/
CAT-3713,MARN,Reposición de Licencia de Registro Nacional de Empresa Frigorista,sin pagina oficial (solo enlace bit.ly/generico),https://www.marn.gob.gt/viceministro-de-ambiente/digarn/licencias-ambientales-formularios/2-2-lic-amb-de-imp-o-exp-de-produc-sust-y-mat-prima/
CAT-3717,MARN,Reposición de Licencia de Registro Nacional de Entidad Capacitadora,sin pagina oficial (solo enlace bit.ly/generico),https://www.marn.gob.gt/viceministro-de-ambiente/digarn/licencias-ambientales-formularios/2-2-lic-amb-de-imp-o-exp-de-produc-sust-y-mat-prima/
CAT-3723,MARN,Reposición de Licencia de Registro Nacional de Técnico Frigorista Empírico,sin pagina oficial (solo enlace bit.ly/generico),https://www.marn.gob.gt/viceministro-de-ambiente/digarn/licencias-ambientales-formularios/2-2-lic-amb-de-imp-o-exp-de-produc-sust-y-mat-prima/
CAT-3726,MARN,Reposición de Licencia de Registro Nacional de Técnico Frigorista Especializado,sin pagina oficial (solo enlace bit.ly/generico),https://www.marn.gob.gt/viceministro-de-ambiente/digarn/licencias-ambientales-formularios/2-2-lic-amb-de-imp-o-exp-de-produc-sust-y-mat-prima/
CAT-3704,MARN,"Reposición de Licencia de Registro de Exportador de Sustancias Alternativas, Sustancias Peligrosas, Insumos para Reutilizar, Refrigerantes, Equipos de Refrigeración y Aire Acondicionado",sin pagina oficial (solo enlace bit.ly/generico),https://www.marn.gob.gt/viceministro-de-ambiente/digarn/licencias-ambientales-formularios/2-3-lic-amb-equi-refrig-y-aire-acondicionado/
CAT-3708,MARN,"Reposición de Licencia de Registro de Importador de Sustancias Alternativas, Sustancias Peligrosas, Insumos para Reutilizar, Refrigerantes, Equipos de Refrigeración y Aire Acondicionado",sin pagina oficial (solo enlace bit.ly/generico),https://www.marn.gob.gt/viceministro-de-ambiente/digarn/licencias-ambientales-formularios/2-3-lic-amb-equi-refrig-y-aire-acondicionado/
CAT-3742,MARN,Solicitud de Acceso a la Información Pública,sin pagina oficial (solo enlace bit.ly/generico),https://www.tramites.gob.gt/
CAT-3743,MARN,Solicitud de Certificación de Contrato para Contratistas y Excontratistas,sin pagina oficial (solo enlace bit.ly/generico),https://www.marn.gob.gt/
CAT-3744,MARN,Solicitud de Constancias Laborales para Trabajadores y Extrabajadores,sin pagina oficial (solo enlace bit.ly/generico),https://www.marn.gob.gt/
CAT-3738,MARN,Trámite de Denuncias Ambientales y Diligenciamiento del Procedimiento Administrativo,sin pagina oficial (solo enlace bit.ly/generico),https://www.tramites.gob.gt/
CAT-3712,MARN,Unificación de Instrumentos Ambientales,sin pagina oficial (solo enlace bit.ly/generico),https://www.marn.gob.gt/viceministro-de-ambiente/digarn/ventanilla-ambiental-2/
CAT-3686,MICIVI,Cambio de color y/o placa,sin pagina oficial (solo enlace bit.ly/generico),https://dgt.gob.gt/formularios/
CAT-3684,MICIVI,Cambio número de motor y/o chasis,sin pagina oficial (solo enlace bit.ly/generico),https://dgt.gob.gt/formularios/
CAT-3602,MICIVI,Inscripción de Aeronaves por contrato de arrendamiento,tiene requisitos pero no pasos,https://www.dgac.gob.gt/wp-content/uploads/2023/08/FORMULARIO-naves-13-03-2023-Ley-de-simplificacion-FINAL-18-08-23.pdf
CAT-3701,MICIVI,Modificación / aumento de horarios y/o vehículos en licencia de transporte extraurbano de pasajeros por carretera,sin pagina oficial (solo enlace bit.ly/generico),https://dgt.gob.gt/formularios/
CAT-3689,MICIVI,Rectificación de datos,sin pagina oficial (solo enlace bit.ly/generico),https://dgt.gob.gt/formularios/
CAT-3761,MICIVI,Solicitud de Numeración 1-800 cobro Revertido Internacional Saliente,sin pagina oficial (solo enlace bit.ly/generico),https://sit.gob.gt/gerencia-de-telefonia/recursos-de-telefonia/numeracion/1-800-xxx-xxxx/
CAT-3762,MICIVI,Solicitud de Numeración 1-801,sin pagina oficial (solo enlace bit.ly/generico),https://sit.gob.gt/gerencia-de-telefonia/recursos-de-telefonia/numeracion/1-800-xxx-xxxx/
CAT-3610,MICIVI,Solicitud de aprobación/autorización/ permiso especial (vuelo ferry),tiene requisitos pero no pasos,https://www.dgac.gob.gt/wp-content/uploads/2023/08/FORMA-DGAC-GVSO-800-SOLICITUD-DE-APROBACION-AUTORIZACION-PERMISO-DE-VUELO-ESPECIAL.pdf
CAT-3617,MICIVI,Solicitud de emisión de solvencia financiera.,tiene requisitos pero no pasos,https://www.dgac.gob.gt/wp-content/uploads/2023/08/4-FORMULARIO-SOLICITUD-SOLVENCIA.pdf
CAT-3616,MICIVI,Solicitud para emisión de contraseña de pago de otros rubros.,tiene requisitos pero no pasos,https://www.dgac.gob.gt/wp-content/uploads/2023/08/3-FORMULARIO-OTROS-RUBROS-TESORERIA.pdf
CAT-3695,MICIVI,Unificación de horarios de licencias de transporte extraurbano de pasajeros por carretera y/o cambio de categoría,sin pagina oficial (solo enlace bit.ly/generico),https://dgt.gob.gt/formularios/
CAT-3776,MINDEF,Carné de reclutador de gente de mar,sin pagina oficial (solo enlace bit.ly/generico),https://dgam.mindef.mil.gt/AUTORIDAD/TROK/xtr39.html
CAT-3775,MINDEF,Certificado de reclutador de gente de mar,sin pagina oficial (solo enlace bit.ly/generico),https://dgam.mindef.mil.gt/AUTORIDAD/TROK/xtr38.html
CAT-3774,MINDEF,INFORME MENSUAL DE EMPRESAS DE SEGURIDAD PRIVADA,sin pagina oficial (solo enlace bit.ly/generico),https://www.digecam.mil.gt/web/tramites.php
CAT-3773,MINDEF,LICENCIA DE TRASLADO ESPORÁDICO,sin pagina oficial (solo enlace bit.ly/generico),https://www.digecam.mil.gt/web/tramites.php
CAT-3769,MINDEF,LICENCIA PARA FABRICACIÓN DE ARMAS DE FUEGO Y/O MUNICIONES,sin pagina oficial (solo enlace bit.ly/generico),https://www.digecam.mil.gt/web/tramites.php
CAT-3771,MINDEF,PRESENTACIÓN DE REPORTES DE VENTAS DE ARMAS Y MUNICIONES,sin pagina oficial (solo enlace bit.ly/generico),https://www.digecam.mil.gt/web/tramites.php
CAT-3772,MINDEF,PRIMERA LICENCIA ESPECIAL DE PORTACIÓN DE ARMAS DE FUEGO PARA PERSONAL QUE TRABAJA EN ENTIDAD ESTATAL,sin pagina oficial (solo enlace bit.ly/generico),https://www.digecam.mil.gt/web/tramites.php
CAT-3770,MINDEF,RECLASIFICACIÓN DE ARMA DE FUEGO,sin pagina oficial (solo enlace bit.ly/generico),https://www.digecam.mil.gt/web/tramites.php
CAT-3768,MINDEF,REPOSICIÓN DE CREDENCIAL DE PORTACIÓN DE ARMAS DE FUEGO PARA AGENTES DE SEGURIDAD PRIVADA,sin pagina oficial (solo enlace bit.ly/generico),https://www.digecam.mil.gt/web/tramites.php
CAT-3767,MINDEF,"REPOSICIÓN DE LICENCIA PARA FABRICACIÓN Y/O VENTA DE CHALECOS ANTIBALAS, IMPLEMENTOS O VESTUARIOS DE ESTA NATURALEZA",sin pagina oficial (solo enlace bit.ly/generico),https://www.digecam.mil.gt/web/tramites.php
CAT-1381,MINEDUC,Solicitud de Proyecto de Infraestructura Deportiva Escolar,tiene requisitos pero no pasos,https://www.mineduc.gob.gt/tramites/
CAT-3836,MINGOB,ACTIVACION E INACTIVACION DE LICENCIAS DE CONDUCIR,sin pagina oficial (solo enlace bit.ly/generico),https://bit.ly/3vrI5Zg
CAT-3835,MINGOB,ANOTACION DE PLACAS EXTRAVIADA,sin pagina oficial (solo enlace bit.ly/generico),https://bit.ly/3vrI5Zg
CAT-3837,MINGOB,ANOTACION DE VEHICULOS PENDIENTES DE LOCALIZACION,sin pagina oficial (solo enlace bit.ly/generico),https://bit.ly/3vrI5Zg
CAT-3834,MINGOB,"ANOTACION Y LEVANTAMIENTOS EN SISTEMA POR EMBARGOS, SECUESTRO, HURTO, ROBO",sin pagina oficial (solo enlace bit.ly/generico),https://bit.ly/3vrI5Zg
CAT-3840,MINGOB,AUTORIZACIÓN DE ESCUELAS DE APRENDIZAJE DE TRANSITO,sin pagina oficial (solo enlace bit.ly/generico),https://bit.ly/3vrI5Zg
CAT-3806,MINGOB,Activación de licencia de conducir,sin pagina oficial (solo enlace bit.ly/generico),https://bit.ly/3vrI5Zg
CAT-3796,MINGOB,Alteración de documentos,sin pagina oficial (solo enlace bit.ly/generico),https://bit.ly/3vrI5Zg
CAT-3753,MINGOB,Autorización de Acreditación de Escolta Privado a título personal a través de modalidad virtual,sin pagina oficial (solo enlace bit.ly/generico),https://digessp.gob.gt/formulario-tramites/
CAT-3784,MINGOB,Autorización de Cecoves,sin pagina oficial (solo enlace bit.ly/generico),https://bit.ly/3vrI5Zg
CAT-3752,MINGOB,Autorización de acreditación de agentes de seguridad privada en relación de dependencia a través de modalidad virtual,sin pagina oficial (solo enlace bit.ly/generico),https://digessp.gob.gt/formulario-tramites/
CAT-3750,MINGOB,Autorización de acreditación de directores e instructores de centros de capacitación a través de modalidad virtual,sin pagina oficial (solo enlace bit.ly/generico),https://digessp.gob.gt/formulario-tramites/
CAT-3754,MINGOB,Autorización de licencia de operación para persona individual.,sin pagina oficial (solo enlace bit.ly/generico),https://digessp.gob.gt/formulario-tramites/
CAT-3760,MINGOB,"Autorización de licencia de operación para personas jurídicas nuevas, en adecuación y licencia de operación adicional.",sin pagina oficial (solo enlace bit.ly/generico),https://digessp.gob.gt/formulario-tramites/
CAT-3830,MINGOB,BLOQUEO DE LICENCIAS DE CONDUCIR DE JUZGADOS MUNICIPALES DE TRÁNSITO,sin pagina oficial (solo enlace bit.ly/generico),https://bit.ly/3vrI5Zg
CAT-3820,MINGOB,CARNE DIPLOMATICOS,sin pagina oficial (solo enlace bit.ly/generico),https://bit.ly/3vrI5Zg
CAT-3825,MINGOB,CERTIFICACIONES DE REGISTRO DE LICENCIAS DE CONDUCIR POR INVESTIGACIONES DE LA SUPERINTENDENCIA DE ADMINISTRACION TRIBUTARIA DEL DEPARTAMENTO GUATEMALA.,sin pagina oficial (solo enlace bit.ly/generico),https://bit.ly/3vrI5Zg
CAT-3826,MINGOB,CERTIFICACIONES DE REGISTRO DE LICENCIAS DE CONDUCIR POR INVESTIGACIONES DE LA SUPERINTENDENCIA DE ADMINISTRACION TRIBUTARIA DEL DEPARTAMENTO GUATEMALA.,sin pagina oficial (solo enlace bit.ly/generico),https://bit.ly/3vrI5Zg
CAT-3823,MINGOB,CERTIFICACIONES DE REGISTRO DE LICENCIAS DE CONDUCIR POR INVESTIGACIONES DEL MINISTERIO PÚBLICO DEL DEPARTAMENTO DE GUATEMALA.,sin pagina oficial (solo enlace bit.ly/generico),https://bit.ly/3vrI5Zg
CAT-3824,MINGOB,CERTIFICACIONES DE REGISTRO DE LICENCIAS DE CONDUCIR POR INVESTIGACIONES DEL ORGANISMO JUDICIAL DEL DEPARTAMENTO DE GUATEMALA.,sin pagina oficial (solo enlace bit.ly/generico),https://bit.ly/3vrI5Zg
CAT-3839,MINGOB,"CONVENIO INTERINSTITUCIONAL ENTRE LOS MINISTERIOS DE RELACIONES EXTERIORES Y GOBERNACIÓN PARA LA EMISIÓN DEL DOCUMENTO OFICIAL PARA PODER CONDUCIR A CONSULES, EMBAJADORES, INTEGRANTES DE MISIONES DIPLMATICAS",sin pagina oficial (solo enlace bit.ly/generico),https://bit.ly/3vrI5Zg
CAT-3807,MINGOB,Cancelación de licencia de conducir,sin pagina oficial (solo enlace bit.ly/generico),https://bit.ly/3vrI5Zg
CAT-3808,MINGOB,Cancelación de licencia de persona fallecida,sin pagina oficial (solo enlace bit.ly/generico),https://bit.ly/3vrI5Zg
CAT-3819,MINGOB,Certificación de registro de licencias de conducir por investigaciones de Superintencia de Administración Tributaria de todos los departamentos excepto Guatemala.,sin pagina oficial (solo enlace bit.ly/generico),https://bit.ly/3vrI5Zg
CAT-3817,MINGOB,Certificación de registro de licencias de conducir por investigaciones del Ministerio Públco de todos los departamentos excepto Guatemala.,sin pagina oficial (solo enlace bit.ly/generico),https://bit.ly/3vrI5Zg
CAT-3818,MINGOB,Certificación de registro de licencias de conducir por investigaciones del Organismo Judicial de todos los departamentos excepto Guatemala,sin pagina oficial (solo enlace bit.ly/generico),https://bit.ly/3vrI5Zg
CAT-3783,MINGOB,"Control de oftalmólogos, licencias en optometría, técnicos en optometría y técnico refraccionistas",sin pagina oficial (solo enlace bit.ly/generico),https://bit.ly/3vrI5Zg
CAT-3831,MINGOB,DESBLOQUEO DE LICENCIAS DE CONDUCIR DE JUZGADOS MUNICIPALES DE TRÁNSITO,sin pagina oficial (solo enlace bit.ly/generico),https://bit.ly/3vrI5Zg
CAT-3828,MINGOB,DEVOLUCIÓN DE LICENCIAS DE CONDUCIR VEHÍCULOS,sin pagina oficial (solo enlace bit.ly/generico),https://bit.ly/3vrI5Zg
CAT-3802,MINGOB,Desacuerdo de boletas de aviso de requerimientos de pago y citación por oposición,sin pagina oficial (solo enlace bit.ly/generico),https://bit.ly/3vrI5Zg
CAT-3803,MINGOB,Desacuerdo de boletas de avisos y requerimientos de pago por prescripción,sin pagina oficial (solo enlace bit.ly/generico),https://bit.ly/3vrI5Zg
CAT-3779,MINGOB,Devolución de vehículos por falta de tarjeta de circulación,sin pagina oficial (solo enlace bit.ly/generico),https://bit.ly/3vrI5Zg
CAT-3838,MINGOB,ENTREGA Y ARCHIVO DE BOLETAS DE AVISO REQUERIMIENTO DE PAGO Y CITACION,sin pagina oficial (solo enlace bit.ly/generico),https://bit.ly/3vrI5Zg
CAT-3798,MINGOB,Exoneración de multas por no renovar licencia de conducir en el plazo establecido por estar fuera del país,sin pagina oficial (solo enlace bit.ly/generico),https://bit.ly/3vrI5Zg
CAT-3800,MINGOB,Exoneración de multas por no renovar licencia de conducir en el plazo establecido por prisión,sin pagina oficial (solo enlace bit.ly/generico),https://bit.ly/3vrI5Zg
CAT-3799,MINGOB,Exoneración de multas por no renovar licencias de conducir en el plazo establecido por enfermedad,sin pagina oficial (solo enlace bit.ly/generico),https://bit.ly/3vrI5Zg
CAT-3801,MINGOB,Homologación de licencias de conducir,sin pagina oficial (solo enlace bit.ly/generico),https://bit.ly/3vrI5Zg
CAT-3833,MINGOB,INFORME DE DATOS DE VEHÍCULOS AL MINISTERIO PÚBLICO,sin pagina oficial (solo enlace bit.ly/generico),https://bit.ly/3vrI5Zg
CAT-3805,MINGOB,Inactivación de licencia de conducir,sin pagina oficial (solo enlace bit.ly/generico),https://bit.ly/3vrI5Zg
CAT-3797,MINGOB,Liberación de licencias de conducir,sin pagina oficial (solo enlace bit.ly/generico),https://bit.ly/3vrI5Zg
CAT-3791,MINGOB,Modificación al registro de conductores por adopción,sin pagina oficial (solo enlace bit.ly/generico),https://bit.ly/3vrI5Zg
CAT-3789,MINGOB,Modificación al registro de conductores por cambio de código único de identificación -CUI-,sin pagina oficial (solo enlace bit.ly/generico),https://bit.ly/3vrI5Zg
CAT-3785,MINGOB,Modificación al registro de conductores por cambio de nombre,sin pagina oficial (solo enlace bit.ly/generico),https://bit.ly/3vrI5Zg
CAT-3793,MINGOB,Modificación al registro de conductores por cancelación de asiento de cédula de vecindad,sin pagina oficial (solo enlace bit.ly/generico),https://bit.ly/3vrI5Zg
CAT-3792,MINGOB,Modificación al registro de conductores por cancelación de partida de nacimiento,sin pagina oficial (solo enlace bit.ly/generico),https://bit.ly/3vrI5Zg
CAT-3788,MINGOB,Modificación al registro de conductores por corrección de nombre,sin pagina oficial (solo enlace bit.ly/generico),https://bit.ly/3vrI5Zg
CAT-3787,MINGOB,Modificación al registro de conductores por corrección en fecha de nacimiento,sin pagina oficial (solo enlace bit.ly/generico),https://bit.ly/3vrI5Zg
CAT-3786,MINGOB,Modificación al registro de conductores por identificación de persona,sin pagina oficial (solo enlace bit.ly/generico),https://bit.ly/3vrI5Zg
CAT-3790,MINGOB,Modificación al registro de conductores por reconocimiento de padre,sin pagina oficial (solo enlace bit.ly/generico),https://bit.ly/3vrI5Zg
CAT-3794,MINGOB,Modificación al registro por validación de número de registro de cédula de vecindad,sin pagina oficial (solo enlace bit.ly/generico),https://bit.ly/3vrI5Zg
CAT-3822,MINGOB,PERMISO DE CONDUCIR PERSONAS EXTRANJERAS ASILADOS O REFUGIADOS,sin pagina oficial (solo enlace bit.ly/generico),https://bit.ly/3vrI5Zg
CAT-3821,MINGOB,PERMISOS DE CONDUCIR A EXTRANJEROS TEMPORALES,sin pagina oficial (solo enlace bit.ly/generico),https://bit.ly/3vrI5Zg
CAT-3781,MINGOB,Prórroga de certificado de aprobación de examen teórico práctico de menor de edad,sin pagina oficial (solo enlace bit.ly/generico),https://bit.ly/3vrI5Zg
CAT-3795,MINGOB,Prórroga de certificados de aprobación de examen teórico práctico,sin pagina oficial (solo enlace bit.ly/generico),https://bit.ly/3vrI5Zg
CAT-3827,MINGOB,RESPUESTA AL ORGANISMO JUDICIAL SOBRE SOLVENCIAS DE LICENCIAS Y VEHÍCULOS,sin pagina oficial (solo enlace bit.ly/generico),https://bit.ly/3vrI5Zg
CAT-3829,MINGOB,RESPUESTAS AL MINISTERIO PÚBLICO SOBRE SOLVENCIAS DE LICENCIAS Y VEHÍCULOS.,sin pagina oficial (solo enlace bit.ly/generico),https://bit.ly/3vrI5Zg
CAT-3782,MINGOB,"Registro de oftalmólogos, licenciados en optometría, técnicos en optometría y técnico refraccionista",sin pagina oficial (solo enlace bit.ly/generico),https://bit.ly/3vrI5Zg
CAT-3832,MINGOB,"SUSPENSIONES DE LICENCIAS DE CONDUCIR, DE JUZGADOS PENALES",sin pagina oficial (solo enlace bit.ly/generico),https://bit.ly/3vrI5Zg
CAT-3804,MINGOB,Salvoconductos,sin pagina oficial (solo enlace bit.ly/generico),https://bit.ly/3vrI5Zg
CAT-3816,MINGOB,Solvencia de remisión de devolución de vehículos,sin pagina oficial (solo enlace bit.ly/generico),https://bit.ly/3vrI5Zg
CAT-3809,MINGOB,Solvencia de remisión de licencias,sin pagina oficial (solo enlace bit.ly/generico),https://bit.ly/3vrI5Zg
CAT-3815,MINGOB,Solvencia de remisión de prescripción de multa,sin pagina oficial (solo enlace bit.ly/generico),https://bit.ly/3vrI5Zg
CAT-3810,MINGOB,Solvencia de remisión de vehículos,sin pagina oficial (solo enlace bit.ly/generico),https://bit.ly/3vrI5Zg
CAT-3811,MINGOB,Solvencia de remisión de vehículos,sin pagina oficial (solo enlace bit.ly/generico),https://bit.ly/3vrI5Zg
CAT-3814,MINGOB,Solvencia de remisión solicitada para seguros,sin pagina oficial (solo enlace bit.ly/generico),https://bit.ly/3vrI5Zg
CAT-3813,MINGOB,Solvencia de remisión solicitada por empresas de sus empleados,sin pagina oficial (solo enlace bit.ly/generico),https://bit.ly/3vrI5Zg
CAT-3812,MINGOB,Solvencia de remisión solicitada por empresas de sus vehículos,sin pagina oficial (solo enlace bit.ly/generico),https://bit.ly/3vrI5Zg
CAT-3841,MINGOB,TRASLADO DE ADMINISTRACIÓN DE COMPETENCIA DE TRANSITO A MUNICIPALIDADES,sin pagina oficial (solo enlace bit.ly/generico),https://bit.ly/3vrI5Zg
CAT-3301,MINTRABAJO,Programa de Aporte Económico del Adulto Mayor: Recepción de Sobrevivencia.,la pagina oficial no publica requisitos ni pasos,
CAT-1928,MINTRABAJO,Recepción de denuncias laborales de Salud y Seguridad Ocupacional,tiene requisitos pero no pasos,https://dgps-sso.mintrabajo.gob.gt/
CAT-3845,MSPAS,Acreditación de Profesionales en Manejo de Desechos Sólidos Hospitalarios,sin pagina oficial (solo enlace bit.ly/generico),https://www.mspas.gob.gt/descargas-mspas/category/529-acreditacion-de-profesionales-desechos-hospitalarios
CAT-3843,MSPAS,Actualización de Licencia Sanitaria -DRCA-,sin pagina oficial (solo enlace bit.ly/generico),https://mspas.gob.gt/servicios/control-de-alimentos
CAT-3847,MSPAS,Aprobación de Plan de Manejo/Disposición de Desechos Sólidos Hospitalarios para Entes Generadores Privados,sin pagina oficial (solo enlace bit.ly/generico),https://www.mspas.gob.gt/descargas-mspas/category/531-normativa-planes-de-manejo-disposicion
CAT-3846,MSPAS,Aprobación de Plan de Manejo/Disposición de Desechos Sólidos Hospitalarios para Entes Generadores Públicos,sin pagina oficial (solo enlace bit.ly/generico),https://www.mspas.gob.gt/descargas-mspas/category/527-planes-de-manejo-disposicion-desechos-hospitalarios
CAT-3849,MSPAS,Autorización Sanitaria para Construcción en General,sin pagina oficial (solo enlace bit.ly/generico),https://www.mspas.gob.gt/construccion-en-general
CAT-3850,MSPAS,Autorización Sanitaria para Sistemas de Disposición de Desechos Sólidos,sin pagina oficial (solo enlace bit.ly/generico),https://www.mspas.gob.gt/descargas-mspas/category/667-sistemas-tratamiento-disposicion-final
CAT-3844,MSPAS,Autorización Sanitaria para Sistemas de Disposición de Excretas,sin pagina oficial (solo enlace bit.ly/generico),https://www.mspas.gob.gt/descargas-mspas/category/500-normativa-letrinizacion
CAT-3763,MSPAS,COMPENSACIÓN ECONÓMICA,sin pagina oficial (solo enlace bit.ly/generico),https://www.mspas.gob.gt/tramites-direcciones-generales#593-direccion-general-de-recursos-humanos
CAT-3765,MSPAS,Certificación de expedientes médicos,sin pagina oficial (solo enlace bit.ly/generico),https://www.mspas.gob.gt/
CAT-3766,MSPAS,Citas Banco de Sangre,sin pagina oficial (solo enlace bit.ly/generico),https://www.mspas.gob.gt/
CAT-3764,MSPAS,Constancia de hospitalización,sin pagina oficial (solo enlace bit.ly/generico),https://www.mspas.gob.gt/
CAT-3848,MSPAS,Licencia de Operación para Empresas de Disposición de Desechos Sólidos Hospitalarios (Primera o Renovación),sin pagina oficial (solo enlace bit.ly/generico),https://www.mspas.gob.gt/descargas-mspas/category/532-requisitos-empresas-de-disposicion
CAT-3842,MSPAS,Reposición de Licencia Sanitaria -DRCA-,sin pagina oficial (solo enlace bit.ly/generico),https://mspas.gob.gt/servicios/control-de-alimentos
